[
{
    "model": "website.shelf",
    "pk": 0,
    "fields": {
        "position": 0
    }
},
{
    "model": "website.shelf",
    "pk": 1,
    "fields": {
        "position": 1
    }
},
{
    "model": "website.shelf",
    "pk": 2,
    "fields": {
        "position": 2
    }
},
{
    "model": "website.shelf",
    "pk": 3,
    "fields": {
        "position": 3
    }
},
{
    "model": "website.shelf",
    "pk": 4,
    "fields": {
        "position": 4
    }
},
{
    "model": "website.shelf",
    "pk": 5,
    "fields": {
        "position": 5
    }
},
{
    "model": "website.shelf",
    "pk": 6,
    "fields": {
        "position": 6
    }
},
{
    "model": "website.shelf",
    "pk": 7,
    "fields": {
        "position": 7
    }
},
{
    "model": "website.shelf",
    "pk": 8,
    "fields": {
        "position": 8
    }
},
{
    "model": "website.shelf",
    "pk": 9,
    "fields": {
        "position": 9
    }
},
{
    "model": "website.transport",
    "pk": 0,
    "fields": {
        "load_type": "B"
    }
},
{
    "model": "website.transport",
    "pk": 1,
    "fields": {
        "load_type": "C"
    }
},
{
    "model": "website.transport",
    "pk": 2,
    "fields": {
        "load_type": "D"
    }
},
{
    "model": "website.transport",
    "pk": 3,
    "fields": {
        "load_type": "C"
    }
},
{
    "model": "website.transport",
    "pk": 4,
    "fields": {
        "load_type": "D"
    }
},
{
    "model": "website.load",
    "pk": 655,
    "fields": {
        "shelf": 0,
        "transport": null,
        "load_type": "D"
    }
},
{
    "model": "website.load",
    "pk": 656,
    "fields": {
        "shelf": 0,
        "transport": null,
        "load_type": "B"
    }
},
{
    "model": "website.load",
    "pk": 657,
    "fields": {
        "shelf": 0,
        "transport": null,
        "load_type": "B"
    }
},
{
    "model": "website.load",
    "pk": 658,
    "fields": {
        "shelf": 0,
        "transport": null,
        "load_type": "B"
    }
},
{
    "model": "website.load",
    "pk": 659,
    "fields": {
        "shelf": 0,
        "transport": null,
        "load_type": "D"
    }
},
{
    "model": "website.load",
    "pk": 660,
    "fields": {
        "shelf": 0,
        "transport": null,
        "load_type": "D"
    }
},
{
    "model": "website.load",
    "pk": 661,
    "fields": {
        "shelf": 0,
        "transport": null,
        "load_type": "D"
    }
},
{
    "model": "website.load",
    "pk": 662,
    "fields": {
        "shelf": 0,
        "transport": null,
        "load_type": "D"
    }
},
{
    "model": "website.load",
    "pk": 663,
    "fields": {
        "shelf": 0,
        "transport": null,
        "load_type": "D"
    }
},
{
    "model": "website.load",
    "pk": 664,
    "fields": {
        "shelf": 0,
        "transport": null,
        "load_type": "D"
    }
},
{
    "model": "website.load",
    "pk": 665,
    "fields": {
        "shelf": 1,
        "transport": null,
        "load_type": "D"
    }
},
{
    "model": "website.load",
    "pk": 666,
    "fields": {
        "shelf": 1,
        "transport": null,
        "load_type": "D"
    }
},
{
    "model": "website.load",
    "pk": 667,
    "fields": {
        "shelf": 1,
        "transport": null,
        "load_type": "C"
    }
},
{
    "model": "website.load",
    "pk": 668,
    "fields": {
        "shelf": 1,
        "transport": null,
        "load_type": "C"
    }
},
{
    "model": "website.load",
    "pk": 669,
    "fields": {
        "shelf": 1,
        "transport": null,
        "load_type": "D"
    }
},
{
    "model": "website.load",
    "pk": 670,
    "fields": {
        "shelf": 1,
        "transport": null,
        "load_type": "D"
    }
},
{
    "model": "website.load",
    "pk": 671,
    "fields": {
        "shelf": 1,
        "transport": null,
        "load_type": "D"
    }
},
{
    "model": "website.load",
    "pk": 672,
    "fields": {
        "shelf": 1,
        "transport": null,
        "load_type": "C"
    }
},
{
    "model": "website.load",
    "pk": 673,
    "fields": {
        "shelf": 1,
        "transport": null,
        "load_type": "D"
    }
},
{
    "model": "website.load",
    "pk": 674,
    "fields": {
        "shelf": 1,
        "transport": null,
        "load_type": "D"
    }
},
{
    "model": "website.load",
    "pk": 675,
    "fields": {
        "shelf": 2,
        "transport": null,
        "load_type": "D"
    }
},
{
    "model": "website.load",
    "pk": 676,
    "fields": {
        "shelf": 2,
        "transport": null,
        "load_type": "D"
    }
},
{
    "model": "website.load",
    "pk": 677,
    "fields": {
        "shelf": 2,
        "transport": null,
        "load_type": "A"
    }
},
{
    "model": "website.load",
    "pk": 678,
    "fields": {
        "shelf": 2,
        "transport": null,
        "load_type": "D"
    }
},
{
    "model": "website.load",
    "pk": 679,
    "fields": {
        "shelf": 2,
        "transport": null,
        "load_type": "A"
    }
},
{
    "model": "website.load",
    "pk": 680,
    "fields": {
        "shelf": 2,
        "transport": null,
        "load_type": "D"
    }
},
{
    "model": "website.load",
    "pk": 681,
    "fields": {
        "shelf": 2,
        "transport": null,
        "load_type": "A"
    }
},
{
    "model": "website.load",
    "pk": 682,
    "fields": {
        "shelf": 2,
        "transport": null,
        "load_type": "D"
    }
},
{
    "model": "website.load",
    "pk": 683,
    "fields": {
        "shelf": 2,
        "transport": null,
        "load_type": "D"
    }
},
{
    "model": "website.load",
    "pk": 684,
    "fields": {
        "shelf": 2,
        "transport": null,
        "load_type": "D"
    }
},
{
    "model": "website.load",
    "pk": 685,
    "fields": {
        "shelf": 3,
        "transport": null,
        "load_type": "C"
    }
},
{
    "model": "website.load",
    "pk": 686,
    "fields": {
        "shelf": 3,
        "transport": null,
        "load_type": "C"
    }
},
{
    "model": "website.load",
    "pk": 687,
    "fields": {
        "shelf": 3,
        "transport": null,
        "load_type": "C"
    }
},
{
    "model": "website.load",
    "pk": 688,
    "fields": {
        "shelf": 3,
        "transport": null,
        "load_type": "B"
    }
},
{
    "model": "website.load",
    "pk": 689,
    "fields": {
        "shelf": 3,
        "transport": null,
        "load_type": "B"
    }
},
{
    "model": "website.load",
    "pk": 690,
    "fields": {
        "shelf": 3,
        "transport": null,
        "load_type": "E"
    }
},
{
    "model": "website.load",
    "pk": 691,
    "fields": {
        "shelf": 3,
        "transport": null,
        "load_type": "B"
    }
},
{
    "model": "website.load",
    "pk": 692,
    "fields": {
        "shelf": 3,
        "transport": null,
        "load_type": "B"
    }
},
{
    "model": "website.load",
    "pk": 693,
    "fields": {
        "shelf": 3,
        "transport": null,
        "load_type": "E"
    }
},
{
    "model": "website.load",
    "pk": 694,
    "fields": {
        "shelf": 3,
        "transport": null,
        "load_type": "B"
    }
},
{
    "model": "website.load",
    "pk": 695,
    "fields": {
        "shelf": 4,
        "transport": null,
        "load_type": "A"
    }
},
{
    "model": "website.load",
    "pk": 696,
    "fields": {
        "shelf": 4,
        "transport": null,
        "load_type": "A"
    }
},
{
    "model": "website.load",
    "pk": 697,
    "fields": {
        "shelf": 4,
        "transport": null,
        "load_type": "A"
    }
},
{
    "model": "website.load",
    "pk": 698,
    "fields": {
        "shelf": 4,
        "transport": null,
        "load_type": "A"
    }
},
{
    "model": "website.load",
    "pk": 699,
    "fields": {
        "shelf": 4,
        "transport": null,
        "load_type": "D"
    }
},
{
    "model": "website.load",
    "pk": 700,
    "fields": {
        "shelf": 4,
        "transport": null,
        "load_type": "A"
    }
},
{
    "model": "website.load",
    "pk": 701,
    "fields": {
        "shelf": 4,
        "transport": null,
        "load_type": "D"
    }
},
{
    "model": "website.load",
    "pk": 702,
    "fields": {
        "shelf": 4,
        "transport": null,
        "load_type": "A"
    }
},
{
    "model": "website.load",
    "pk": 703,
    "fields": {
        "shelf": 4,
        "transport": null,
        "load_type": "D"
    }
},
{
    "model": "website.load",
    "pk": 704,
    "fields": {
        "shelf": 4,
        "transport": null,
        "load_type": "A"
    }
},
{
    "model": "website.load",
    "pk": 705,
    "fields": {
        "shelf": 5,
        "transport": null,
        "load_type": "B"
    }
},
{
    "model": "website.load",
    "pk": 706,
    "fields": {
        "shelf": 5,
        "transport": null,
        "load_type": "E"
    }
},
{
    "model": "website.load",
    "pk": 707,
    "fields": {
        "shelf": 5,
        "transport": null,
        "load_type": "E"
    }
},
{
    "model": "website.load",
    "pk": 708,
    "fields": {
        "shelf": 5,
        "transport": null,
        "load_type": "E"
    }
},
{
    "model": "website.load",
    "pk": 709,
    "fields": {
        "shelf": 5,
        "transport": null,
        "load_type": "E"
    }
},
{
    "model": "website.load",
    "pk": 710,
    "fields": {
        "shelf": 5,
        "transport": null,
        "load_type": "B"
    }
},
{
    "model": "website.load",
    "pk": 711,
    "fields": {
        "shelf": 5,
        "transport": null,
        "load_type": "B"
    }
},
{
    "model": "website.load",
    "pk": 712,
    "fields": {
        "shelf": 5,
        "transport": null,
        "load_type": "B"
    }
},
{
    "model": "website.load",
    "pk": 713,
    "fields": {
        "shelf": 5,
        "transport": null,
        "load_type": "B"
    }
},
{
    "model": "website.load",
    "pk": 714,
    "fields": {
        "shelf": 5,
        "transport": null,
        "load_type": "B"
    }
},
{
    "model": "website.load",
    "pk": 715,
    "fields": {
        "shelf": 6,
        "transport": null,
        "load_type": "E"
    }
},
{
    "model": "website.load",
    "pk": 716,
    "fields": {
        "shelf": 6,
        "transport": null,
        "load_type": "E"
    }
},
{
    "model": "website.load",
    "pk": 717,
    "fields": {
        "shelf": 6,
        "transport": null,
        "load_type": "D"
    }
},
{
    "model": "website.load",
    "pk": 718,
    "fields": {
        "shelf": 6,
        "transport": null,
        "load_type": "E"
    }
},
{
    "model": "website.load",
    "pk": 719,
    "fields": {
        "shelf": 6,
        "transport": null,
        "load_type": "D"
    }
},
{
    "model": "website.load",
    "pk": 720,
    "fields": {
        "shelf": 6,
        "transport": null,
        "load_type": "B"
    }
},
{
    "model": "website.load",
    "pk": 721,
    "fields": {
        "shelf": 6,
        "transport": null,
        "load_type": "D"
    }
},
{
    "model": "website.load",
    "pk": 722,
    "fields": {
        "shelf": 6,
        "transport": null,
        "load_type": "E"
    }
},
{
    "model": "website.load",
    "pk": 723,
    "fields": {
        "shelf": 6,
        "transport": null,
        "load_type": "B"
    }
},
{
    "model": "website.load",
    "pk": 724,
    "fields": {
        "shelf": 6,
        "transport": null,
        "load_type": "B"
    }
},
{
    "model": "website.load",
    "pk": 725,
    "fields": {
        "shelf": 7,
        "transport": null,
        "load_type": "A"
    }
},
{
    "model": "website.load",
    "pk": 726,
    "fields": {
        "shelf": 7,
        "transport": null,
        "load_type": "E"
    }
},
{
    "model": "website.load",
    "pk": 727,
    "fields": {
        "shelf": 7,
        "transport": null,
        "load_type": "E"
    }
},
{
    "model": "website.load",
    "pk": 728,
    "fields": {
        "shelf": 7,
        "transport": null,
        "load_type": "E"
    }
},
{
    "model": "website.load",
    "pk": 729,
    "fields": {
        "shelf": 7,
        "transport": null,
        "load_type": "A"
    }
},
{
    "model": "website.load",
    "pk": 730,
    "fields": {
        "shelf": 7,
        "transport": null,
        "load_type": "E"
    }
},
{
    "model": "website.load",
    "pk": 731,
    "fields": {
        "shelf": 7,
        "transport": null,
        "load_type": "E"
    }
},
{
    "model": "website.load",
    "pk": 732,
    "fields": {
        "shelf": 7,
        "transport": null,
        "load_type": "E"
    }
},
{
    "model": "website.load",
    "pk": 733,
    "fields": {
        "shelf": 7,
        "transport": null,
        "load_type": "E"
    }
},
{
    "model": "website.load",
    "pk": 734,
    "fields": {
        "shelf": 7,
        "transport": null,
        "load_type": "A"
    }
},
{
    "model": "website.load",
    "pk": 735,
    "fields": {
        "shelf": 8,
        "transport": null,
        "load_type": "D"
    }
},
{
    "model": "website.load",
    "pk": 736,
    "fields": {
        "shelf": 8,
        "transport": null,
        "load_type": "D"
    }
},
{
    "model": "website.load",
    "pk": 737,
    "fields": {
        "shelf": 8,
        "transport": null,
        "load_type": "C"
    }
},
{
    "model": "website.load",
    "pk": 738,
    "fields": {
        "shelf": 8,
        "transport": null,
        "load_type": "C"
    }
},
{
    "model": "website.load",
    "pk": 739,
    "fields": {
        "shelf": 8,
        "transport": null,
        "load_type": "D"
    }
},
{
    "model": "website.load",
    "pk": 740,
    "fields": {
        "shelf": 8,
        "transport": null,
        "load_type": "B"
    }
},
{
    "model": "website.load",
    "pk": 741,
    "fields": {
        "shelf": 8,
        "transport": null,
        "load_type": "B"
    }
},
{
    "model": "website.load",
    "pk": 742,
    "fields": {
        "shelf": 8,
        "transport": null,
        "load_type": "B"
    }
},
{
    "model": "website.load",
    "pk": 743,
    "fields": {
        "shelf": 8,
        "transport": null,
        "load_type": "D"
    }
},
{
    "model": "website.load",
    "pk": 744,
    "fields": {
        "shelf": 8,
        "transport": null,
        "load_type": "D"
    }
},
{
    "model": "website.load",
    "pk": 745,
    "fields": {
        "shelf": 9,
        "transport": null,
        "load_type": "B"
    }
},
{
    "model": "website.load",
    "pk": 746,
    "fields": {
        "shelf": 9,
        "transport": null,
        "load_type": "B"
    }
},
{
    "model": "website.load",
    "pk": 747,
    "fields": {
        "shelf": 9,
        "transport": null,
        "load_type": "C"
    }
},
{
    "model": "website.load",
    "pk": 748,
    "fields": {
        "shelf": 9,
        "transport": null,
        "load_type": "C"
    }
},
{
    "model": "website.load",
    "pk": 749,
    "fields": {
        "shelf": 9,
        "transport": null,
        "load_type": "B"
    }
},
{
    "model": "website.load",
    "pk": 750,
    "fields": {
        "shelf": 9,
        "transport": null,
        "load_type": "C"
    }
},
{
    "model": "website.load",
    "pk": 751,
    "fields": {
        "shelf": 9,
        "transport": null,
        "load_type": "B"
    }
},
{
    "model": "website.load",
    "pk": 752,
    "fields": {
        "shelf": 9,
        "transport": null,
        "load_type": "B"
    }
},
{
    "model": "website.load",
    "pk": 753,
    "fields": {
        "shelf": 9,
        "transport": null,
        "load_type": "C"
    }
},
{
    "model": "website.load",
    "pk": 754,
    "fields": {
        "shelf": 9,
        "transport": null,
        "load_type": "B"
    }
}
]
